Time;With_salt;Without_salt
0;0.494569626;0.494569626
2;0.454870968;
4;0.448322581;
7;0.41466129;0.482709677
