R;Mn;S
0;0.02;0.02
0.5;0.013105683;0.017676452
1;0.006409043;0.016490735
1.5;0.000524227;0.015660212
1.75;0.001165041;0.019093587
2;9.46522E-06;0.018925671
